"Status","Start Time","Stop Time","Duration in ms","Parent Suite","Suite","Sub Suite","Test Class","Test Method","Name","Description"
"broken","Mon Jul 31 11:58:40 GMT 2023","Mon Jul 31 11:58:40 GMT 2023","30","","","","","","Table data",""
"passed","Mon Jul 31 11:58:39 GMT 2023","Mon Jul 31 11:58:39 GMT 2023","2","","","","","","Maker starts a game",""
"passed","Mon Jul 31 11:58:39 GMT 2023","Mon Jul 31 11:58:39 GMT 2023","1","","","","","","Subtract two numbers",""
"broken","Mon Jul 31 11:58:39 GMT 2023","Mon Jul 31 11:58:39 GMT 2023","314","","","","","","All done",""
"passed","Mon Jul 31 11:58:39 GMT 2023","Mon Jul 31 11:58:39 GMT 2023","1","","","","","","Divide two numbers",""
"passed","Mon Jul 31 11:58:39 GMT 2023","Mon Jul 31 11:58:39 GMT 2023","5","","","","","","Divide by 0 returns 0",""
"passed","Mon Jul 31 11:58:39 GMT 2023","Mon Jul 31 11:58:39 GMT 2023","13","","","","","","Breaker joins a game",""
"broken","Mon Jul 31 11:58:40 GMT 2023","Mon Jul 31 11:58:40 GMT 2023","22","","","","","","Alternatives",""
"passed","Mon Jul 31 11:58:39 GMT 2023","Mon Jul 31 11:58:39 GMT 2023","1","","","","","","Add two numbers",""
"broken","Mon Jul 31 11:58:40 GMT 2023","Mon Jul 31 11:58:40 GMT 2023","23","","","","","","eating",""
"broken","Mon Jul 31 11:58:40 GMT 2023","Mon Jul 31 11:58:40 GMT 2023","23","","","","","","eating",""
"broken","Mon Jul 31 11:58:39 GMT 2023","Mon Jul 31 11:58:40 GMT 2023","111","","","","","","Dr. Bill tries to post to somebody else's blog, and fails",""
"broken","Mon Jul 31 11:58:40 GMT 2023","Mon Jul 31 11:58:40 GMT 2023","16","","","","","","Table example",""
"broken","Mon Jul 31 11:58:39 GMT 2023","Mon Jul 31 11:58:39 GMT 2023","99","","","","","","Dr. Bill posts to his own blog",""
"passed","Mon Jul 31 11:58:39 GMT 2023","Mon Jul 31 11:58:39 GMT 2023","1","","","","","","Add two numbers permutations",""
"broken","Mon Jul 31 11:58:40 GMT 2023","Mon Jul 31 11:58:40 GMT 2023","61","","","","","","Greg posts to a client's blog",""
"passed","Mon Jul 31 11:58:39 GMT 2023","Mon Jul 31 11:58:39 GMT 2023","0","","","","","","Add two numbers permutations",""
"broken","Mon Jul 31 11:58:39 GMT 2023","Mon Jul 31 11:58:39 GMT 2023","20","","","","","","Two -- Dead and Reborn as Phoenix",""
"broken","Mon Jul 31 11:58:39 GMT 2023","Mon Jul 31 11:58:39 GMT 2023","138","","","","","","Multiple Givens",""
"broken","Mon Jul 31 11:58:39 GMT 2023","Mon Jul 31 11:58:39 GMT 2023","81","","","","","","Only One -- More than one alive",""
"passed","Mon Jul 31 11:58:39 GMT 2023","Mon Jul 31 11:58:39 GMT 2023","1","","","","","","Multiply two numbers",""
"passed","Mon Jul 31 11:58:39 GMT 2023","Mon Jul 31 11:58:39 GMT 2023","1","","","","","","Add two numbers permutations",""
"broken","Mon Jul 31 11:58:40 GMT 2023","Mon Jul 31 11:58:40 GMT 2023","9","","","","","","Markdown body",""
"broken","Mon Jul 31 11:58:39 GMT 2023","Mon Jul 31 11:58:39 GMT 2023","39","","","","","","Only One -- One alive",""
